<?xml version="1.0" encoding="UTF-8"?>
<metadata xml:lang="es"><Esri><CreaDate>20230818</CreaDate><CreaTime>10530400</CreaTime><ArcGISFormat>1.0</ArcGISFormat><SyncOnce>TRUE</SyncOnce><DataProperties><lineage><Process ToolSource="c:\program files\arcgis\pro\Resources\ArcToolbox\toolboxes\Conversion Tools.tbx\FeatureClassToFeatureClass" Date="20230818" Time="105304">FeatureClassToFeatureClass c2023mapabase_cg_se_FeatureT D:\ATLASMBA\objetos_AtlasMBA "33110a_Establecimiento_educativo_otros_dependencia_2023 .shp" # "ID "ID" true true false 4 Long 0 0,First,#,c2023mapabase_cg_se_FeatureT,c2023mapabase_cg_se_FeatureT.ID,-1,-1;IN1 "IN1" true true false 6 Text 0 0,First,#,c2023mapabase_cg_se_FeatureT,c2023mapabase_cg_se_FeatureT.IN1,0,6;PROV "PROV" true true false 70 Text 0 0,First,#,c2023mapabase_cg_se_FeatureT,c2023mapabase_cg_se_FeatureT.PROV,0,70;PAIS "PAIS" true true false 45 Text 0 0,First,#,c2023mapabase_cg_se_FeatureT,c2023mapabase_cg_se_FeatureT.PAIS,0,45;AMBA "AMBA" true true false 25 Text 0 0,First,#,c2023mapabase_cg_se_FeatureT,c2023mapabase_cg_se_FeatureT.AMBA,0,25;NOMPART "NOMPART" true true false 31 Text 0 0,First,#,c2023mapabase_cg_se_FeatureT,c2023mapabase_cg_se_FeatureT.NOMPART,0,31;CODCIM "CODCIM" true true false 15 Text 0 0,First,#,c2023mapabase_cg_se_FeatureT,c2023mapabase_cg_se_FeatureT.CODCIM,0,15;CODINDEC "CODINDEC" true true false 5 Text 0 0,First,#,c2023mapabase_cg_se_FeatureT,c2023mapabase_cg_se_FeatureT.CODINDEC,0,5;CODPBA "CODPBA" true true false 4 Text 0 0,First,#,c2023mapabase_cg_se_FeatureT,c2023mapabase_cg_se_FeatureT.CODPBA,0,4;REFERENCIA "REFERENCIA" true true false 50 Text 0 0,First,#,c2023mapabase_cg_se_FeatureT,c2023mapabase_cg_se_FeatureT.REFERENCIA,0,50;AREA "AREA" true true false 8 Double 0 0,First,#,c2023mapabase_cg_se_FeatureT,c2023mapabase_cg_se_FeatureT.AREA,-1,-1;PERIMETRO "PERIMETRO" true true false 8 Double 0 0,First,#,c2023mapabase_cg_se_FeatureT,c2023mapabase_cg_se_FeatureT.PERIMETRO,-1,-1;COLOR "COLOR" true true false 26 Text 0 0,First,#,c2023mapabase_cg_se_FeatureT,c2023mapabase_cg_se_FeatureT.COLOR,0,26;GNA "GNA" true true false 50 Text 0 0,First,#,c2023mapabase_cg_se_FeatureT,c2023mapabase_cg_se_FeatureT.GNA,0,50;NAM "NAM" true true false 100 Text 0 0,First,#,c2023mapabase_cg_se_FeatureT,c2023mapabase_cg_se_FeatureT.NAM,0,100;FNA "FNA" true true false 150 Text 0 0,First,#,c2023mapabase_cg_se_FeatureT,c2023mapabase_cg_se_FeatureT.FNA,0,150;SAG "SAG" true true false 50 Text 0 0,First,#,c2023mapabase_cg_se_FeatureT,c2023mapabase_cg_se_FeatureT.SAG,0,50;Field "Field" true true false 254 Text 0 0,First,#,c2023mapabase_cg_se_FeatureT,c2023mapabase_cg_se_FeatureT.Field,0,254;ORIG_FID "ORIG_FID" true true false 4 Long 0 0,First,#,c2023mapabase_cg_se_FeatureT,c2023mapabase_cg_se_FeatureT.ORIG_FID,-1,-1;ID_1 "ID" true true false 8 Double 0 0,First,#,c2023mapabase_cg_se_FeatureT,Hoja1$.ID,-1,-1;Distrito "Distrito" true true false 255 Text 0 0,First,#,c2023mapabase_cg_se_FeatureT,Hoja1$.Distrito,0,255;adulto_Sum_est "adulto#Sum_est" true true false 8 Double 0 0,First,#,c2023mapabase_cg_se_FeatureT,Hoja1$.adulto_Sum_est,-1,-1;adulto_Sum_mat "adulto#Sum_mat" true true false 8 Double 0 0,First,#,c2023mapabase_cg_se_FeatureT,Hoja1$.adulto_Sum_mat,-1,-1;especial_Sum_est "especial#Sum_est" true true false 8 Double 0 0,First,#,c2023mapabase_cg_se_FeatureT,Hoja1$.especial_Sum_est,-1,-1;especial_Sum_mat "especial#Sum_mat" true true false 8 Double 0 0,First,#,c2023mapabase_cg_se_FeatureT,Hoja1$.especial_Sum_mat,-1,-1;superior_Sum_est "superior#Sum_est" true true false 8 Double 0 0,First,#,c2023mapabase_cg_se_FeatureT,Hoja1$.superior_Sum_est,-1,-1;superior_Sum_mat "superior#Sum_mat" true true false 8 Double 0 0,First,#,c2023mapabase_cg_se_FeatureT,Hoja1$.superior_Sum_mat,-1,-1;Artistico_Sum_est "Artistico#Sum_est" true true false 8 Double 0 0,First,#,c2023mapabase_cg_se_FeatureT,Hoja1$.Artistico_Sum_est,-1,-1;Artistico_Sum_mat "Artistico#Sum_mat" true true false 8 Double 0 0,First,#,c2023mapabase_cg_se_FeatureT,Hoja1$.Artistico_Sum_mat,-1,-1;ObjectID "ObjectID" false true false 4 Long 0 9,First,#,c2023mapabase_cg_se_FeatureT,Hoja1$.ObjectID,-1,-1" #</Process></lineage></DataProperties></Esri></metadata>
